epoch,time,train/box_loss,train/seg_loss,train/cls_loss,train/dfl_loss,metrics/precision(B),metrics/recall(B),metrics/mAP50(B),metrics/mAP50-95(B),metrics/precision(M),metrics/recall(M),metrics/mAP50(M),metrics/mAP50-95(M),val/box_loss,val/seg_loss,val/cls_loss,val/dfl_loss,lr/pg0,lr/pg1,lr/pg2
1,56.6428,0.56293,1.69345,1.95766,1.08025,1,0.62,0.99237,0.89659,1,0.62,0.99237,0.96224,0.44131,0.44975,2.48259,1.05159,0.000653846,0.000653846,0.000653846
2,101.374,0.53278,0.5,0.95419,1.01502,0.98189,0.93463,0.96567,0.82408,0.98189,0.93463,0.96567,0.92292,0.67703,0.38808,1.83013,1.33956,0.00131616,0.00131616,0.00131616
3,146.128,0.52514,0.49383,0.80204,1.00835,0.72258,0.8908,0.87731,0.59757,0.72725,0.89655,0.87683,0.6468,0.87851,0.4898,2.26001,1.4854,0.00197406,0.00197406,0.00197406
4,166.41,0.53704,0.46457,0.69443,1.00853,0.99253,1,0.99489,0.84167,0.99253,1,0.99489,0.92982,0.54538,0.4061,0.94821,1.22044,0.0019802,0.0019802,0.0019802
5,180.824,0.49902,0.4148,0.60352,0.99281,0.90483,0.98356,0.97909,0.80999,0.90483,0.98356,0.97909,0.91256,0.67411,0.3305,0.91224,1.24217,0.0019736,0.0019736,0.0019736
6,198.088,0.49406,0.42608,0.56766,0.98488,0.99475,0.99425,0.995,0.87465,0.99475,0.99425,0.995,0.95318,0.53888,0.37189,0.81218,1.10892,0.001967,0.001967,0.001967
7,209.115,0.4651,0.42567,0.50397,0.97115,0.90813,0.90901,0.96144,0.72783,0.91388,0.91475,0.96725,0.77395,0.73079,0.34553,1.10536,1.33926,0.0019604,0.0019604,0.0019604
8,219.371,0.48473,0.45186,0.49927,0.9732,0.99428,0.99959,0.99494,0.92387,0.99428,0.99959,0.99494,0.97581,0.40445,0.33683,0.44978,1.00549,0.0019538,0.0019538,0.0019538
9,233.257,0.44633,0.41524,0.44928,0.96815,0.97516,0.98851,0.99403,0.9382,0.97516,0.98851,0.99403,0.97293,0.38255,0.35396,0.50962,0.95607,0.0019472,0.0019472,0.0019472
10,244.129,0.45942,0.43779,0.44316,0.97334,0.91056,0.97126,0.98832,0.89957,0.91056,0.97126,0.98832,0.92587,0.40967,0.65202,0.71929,0.99254,0.0019406,0.0019406,0.0019406
11,255.132,0.44607,0.41903,0.40973,0.96653,0.99486,0.96552,0.99389,0.94391,0.99486,0.96552,0.99389,0.97861,0.34494,0.34173,0.40723,0.91676,0.001934,0.001934,0.001934
12,271.629,0.41491,0.39053,0.38027,0.94302,0.98595,1,0.99471,0.92339,0.98595,1,0.99471,0.96629,0.34375,0.35011,0.39254,0.92143,0.0019274,0.0019274,0.0019274
13,286.077,0.43181,0.43119,0.38168,0.95692,0.99205,1,0.99494,0.92387,0.99205,1,0.99494,0.98355,0.43507,0.31659,0.51718,0.98497,0.0019208,0.0019208,0.0019208
14,304.038,0.42274,0.41045,0.36012,0.94976,0.9978,0.98276,0.99366,0.94389,0.9978,0.98276,0.99366,0.97647,0.33185,0.3308,0.37782,0.91555,0.0019142,0.0019142,0.0019142
15,318.208,0.38437,0.38968,0.33603,0.93495,0.99777,1,0.995,0.9516,0.99777,1,0.995,0.98411,0.31081,0.31836,0.27696,0.88875,0.0019076,0.0019076,0.0019076
16,335.216,0.39286,0.38387,0.32513,0.9353,0.99945,1,0.995,0.91718,0.99945,1,0.995,0.98374,0.40842,0.3241,0.33518,0.97285,0.001901,0.001901,0.001901
17,350.852,0.39542,0.3952,0.33722,0.94326,0.99946,1,0.995,0.93623,0.99946,1,0.995,0.97827,0.36416,0.31984,0.33581,0.93987,0.0018944,0.0018944,0.0018944
18,363.722,0.4221,0.46085,0.35086,0.94876,0.99954,1,0.995,0.9393,0.99954,1,0.995,0.97323,0.31693,0.36787,0.30309,0.89822,0.0018878,0.0018878,0.0018878
19,381.041,0.40687,0.41975,0.32566,0.94936,0.84207,0.95977,0.97442,0.90972,0.84207,0.95977,0.97442,0.95884,0.36595,0.30841,1.02487,0.93772,0.0018812,0.0018812,0.0018812
20,393.161,0.40527,0.39663,0.32679,0.94689,0.98148,0.98851,0.9945,0.94618,0.98148,0.98851,0.9945,0.9662,0.32367,0.42729,0.26861,0.89848,0.0018746,0.0018746,0.0018746
21,409.765,0.37615,0.38894,0.30725,0.93674,0.99932,1,0.995,0.93774,0.99932,1,0.995,0.97658,0.34686,0.33345,0.24094,0.92116,0.001868,0.001868,0.001868
22,424.328,0.39342,0.40902,0.30649,0.94404,0.99906,1,0.995,0.95609,0.99906,1,0.995,0.98341,0.31315,0.32883,0.2502,0.89022,0.0018614,0.0018614,0.0018614
23,443.547,0.3978,0.42755,0.30023,0.93675,0.99941,1,0.995,0.93641,0.99941,1,0.995,0.98003,0.34602,0.32513,0.24163,0.91093,0.0018548,0.0018548,0.0018548
24,458.658,0.39227,0.43614,0.29438,0.94162,0.99645,1,0.995,0.93277,0.99645,1,0.995,0.97853,0.32849,0.32284,0.26752,0.89165,0.0018482,0.0018482,0.0018482
25,476.199,0.38835,0.41387,0.2985,0.9371,0.99969,1,0.995,0.96751,0.99969,1,0.995,0.98457,0.28692,0.30923,0.2111,0.8588,0.0018416,0.0018416,0.0018416
26,489.313,0.36792,0.40435,0.27966,0.9261,0.99879,1,0.995,0.96526,0.99879,1,0.995,0.9856,0.30703,0.31746,0.23345,0.88144,0.001835,0.001835,0.001835
27,504.468,0.39059,0.43243,0.29179,0.93456,0.99959,1,0.995,0.96089,0.99959,1,0.995,0.9889,0.32252,0.31974,0.24968,0.88699,0.0018284,0.0018284,0.0018284
28,520.241,0.37877,0.3998,0.28221,0.93158,0.97152,0.98041,0.99404,0.95793,0.97152,0.98041,0.99404,0.98622,0.28838,0.31339,0.25941,0.88345,0.0018218,0.0018218,0.0018218
29,532.796,0.39694,0.40779,0.28674,0.94259,0.99381,1,0.99489,0.95128,0.99381,1,0.99489,0.98245,0.32903,0.30494,0.25856,0.91133,0.0018152,0.0018152,0.0018152
30,548.663,0.3766,0.39304,0.27765,0.93204,1,0.98832,0.995,0.95644,1,0.98832,0.995,0.98942,0.30661,0.3193,0.26856,0.86707,0.0018086,0.0018086,0.0018086
31,560.76,0.36823,0.38191,0.27197,0.92392,0.99937,1,0.995,0.93821,0.99937,1,0.995,0.98616,0.33171,0.32658,0.24442,0.89735,0.001802,0.001802,0.001802
32,573.227,0.37391,0.40319,0.27344,0.93042,0.99914,1,0.995,0.94627,0.99914,1,0.995,0.98538,0.30385,0.32563,0.23809,0.87228,0.0017954,0.0017954,0.0017954
33,589.189,0.37746,0.40671,0.27297,0.92288,0.99981,1,0.995,0.96318,0.99981,1,0.995,0.98561,0.31475,0.32899,0.23977,0.89834,0.0017888,0.0017888,0.0017888
34,601.511,0.37582,0.40215,0.27306,0.92526,0.98948,0.99425,0.99489,0.96639,0.98948,0.99425,0.99489,0.98343,0.29082,0.32917,0.21611,0.86894,0.0017822,0.0017822,0.0017822
35,613.796,0.36789,0.37808,0.27024,0.92815,0.99396,1,0.99494,0.96036,0.99396,1,0.99494,0.9777,0.27192,0.31415,0.22426,0.86541,0.0017756,0.0017756,0.0017756
36,631.038,0.35433,0.36489,0.26633,0.9207,0.99542,1,0.995,0.96292,0.99542,1,0.995,0.98514,0.29104,0.32689,0.21075,0.90041,0.001769,0.001769,0.001769
37,645.951,0.36845,0.39771,0.26886,0.92501,0.9996,1,0.995,0.94201,0.9996,1,0.995,0.98546,0.34406,0.32002,0.24643,0.89769,0.0017624,0.0017624,0.0017624
38,662.894,0.35256,0.35661,0.26249,0.92147,0.99961,1,0.995,0.96304,0.99961,1,0.995,0.98466,0.31955,0.31865,0.24394,0.89504,0.0017558,0.0017558,0.0017558
39,675.098,0.36509,0.41303,0.27077,0.93044,0.9942,1,0.995,0.96351,0.9942,1,0.995,0.98462,0.28365,0.31672,0.21886,0.86731,0.0017492,0.0017492,0.0017492
40,687.453,0.3544,0.40517,0.26157,0.91678,0.99968,1,0.995,0.96918,0.99968,1,0.995,0.98466,0.2793,0.33882,0.20557,0.85498,0.0017426,0.0017426,0.0017426
41,703.444,0.35739,0.3784,0.26599,0.92548,0.99961,1,0.995,0.96968,0.99961,1,0.995,0.98079,0.28914,0.33867,0.20192,0.87692,0.001736,0.001736,0.001736
42,715.956,0.36134,0.4155,0.25879,0.92275,0.9997,1,0.995,0.95775,0.9997,1,0.995,0.97972,0.30516,0.34346,0.22124,0.8856,0.0017294,0.0017294,0.0017294
43,732.018,0.36346,0.40211,0.26112,0.92724,0.99946,1,0.995,0.94089,0.99946,1,0.995,0.98525,0.34757,0.31544,0.23082,0.92552,0.0017228,0.0017228,0.0017228
44,744.636,0.36429,0.39024,0.26006,0.92295,0.99967,1,0.995,0.96679,0.99967,1,0.995,0.98559,0.295,0.30096,0.22929,0.89151,0.0017162,0.0017162,0.0017162
45,757.042,0.36342,0.37768,0.25521,0.93678,0.99923,1,0.995,0.97472,0.99923,1,0.995,0.98668,0.28104,0.32781,0.21706,0.8611,0.0017096,0.0017096,0.0017096
46,774.007,0.36333,0.37452,0.25983,0.92343,0.99965,1,0.995,0.97741,0.99965,1,0.995,0.98876,0.25607,0.30294,0.20302,0.84385,0.001703,0.001703,0.001703
47,786.374,0.35502,0.42456,0.26038,0.93414,0.99921,1,0.995,0.97167,0.99921,1,0.995,0.98459,0.27358,0.3096,0.21452,0.86211,0.0016964,0.0016964,0.0016964
48,804.123,0.33521,0.3825,0.2417,0.92633,0.99955,1,0.995,0.97712,0.99955,1,0.995,0.98792,0.26117,0.31375,0.20671,0.84886,0.0016898,0.0016898,0.0016898
49,816.462,0.35,0.38556,0.25,0.91561,0.9973,1,0.995,0.96445,0.9973,1,0.995,0.98741,0.28504,0.31445,0.19426,0.86161,0.0016832,0.0016832,0.0016832
50,829.741,0.35884,0.38857,0.2517,0.92586,0.99967,1,0.995,0.96772,0.99967,1,0.995,0.98747,0.28436,0.3045,0.201,0.87704,0.0016766,0.0016766,0.0016766
51,846.887,0.35043,0.36446,0.24562,0.91934,0.96546,0.98851,0.99444,0.97131,0.96546,0.98851,0.99444,0.9868,0.25976,0.30329,0.27836,0.8432,0.00167,0.00167,0.00167
52,860.654,0.34214,0.36307,0.2522,0.91573,0.99962,1,0.995,0.96397,0.99962,1,0.995,0.98812,0.25904,0.29611,0.20494,0.83488,0.0016634,0.0016634,0.0016634
53,877.86,0.33527,0.35876,0.25404,0.91387,0.99962,1,0.995,0.97395,0.99962,1,0.995,0.98795,0.23988,0.30055,0.20832,0.83053,0.0016568,0.0016568,0.0016568
54,893.553,0.3444,0.37971,0.2481,0.9145,0.99957,1,0.995,0.97335,0.99957,1,0.995,0.98819,0.25569,0.33768,0.21437,0.83515,0.0016502,0.0016502,0.0016502
55,911.783,0.35684,0.40698,0.25929,0.9334,0.99481,1,0.995,0.9681,0.99481,1,0.995,0.98687,0.26638,0.30051,0.19787,0.84904,0.0016436,0.0016436,0.0016436
56,934.188,0.35598,0.38483,0.26436,0.92737,0.99886,1,0.995,0.9275,0.99886,1,0.995,0.98621,0.33612,0.29844,0.27074,0.92582,0.001637,0.001637,0.001637
57,952.164,0.33663,0.35507,0.25428,0.91512,1,0.99891,0.995,0.94839,1,0.99891,0.995,0.97218,0.32565,0.30298,0.25394,0.89808,0.0016304,0.0016304,0.0016304
58,965.403,0.32605,0.33379,0.24018,0.90747,0.9996,1,0.995,0.97243,0.9996,1,0.995,0.98717,0.25959,0.30154,0.19972,0.83997,0.0016238,0.0016238,0.0016238
59,982.304,0.32579,0.36589,0.23611,0.91282,0.99964,1,0.995,0.96816,0.99964,1,0.995,0.98635,0.25797,0.29479,0.19071,0.83339,0.0016172,0.0016172,0.0016172
60,995.386,0.33189,0.3519,0.23474,0.91587,0.99965,1,0.995,0.96415,0.99965,1,0.995,0.98858,0.2958,0.30395,0.19711,0.86816,0.0016106,0.0016106,0.0016106
61,1014.92,0.37208,0.40077,0.25459,0.93119,0.99967,1,0.995,0.97772,0.99967,1,0.995,0.98802,0.25496,0.30558,0.20336,0.83875,0.001604,0.001604,0.001604
62,1028.8,0.33635,0.37454,0.24497,0.91484,0.99966,1,0.995,0.97006,0.99966,1,0.995,0.98958,0.26718,0.31068,0.19849,0.84273,0.0015974,0.0015974,0.0015974
63,1050.74,0.35086,0.41967,0.24742,0.91949,0.99952,1,0.995,0.97523,0.99952,1,0.995,0.9855,0.25617,0.31047,0.1885,0.83831,0.0015908,0.0015908,0.0015908
64,1067.44,0.35877,0.36919,0.24584,0.93196,0.99318,1,0.99494,0.98228,0.99318,1,0.99494,0.98898,0.25371,0.30437,0.18384,0.83577,0.0015842,0.0015842,0.0015842
65,1085.96,0.36919,0.41139,0.25558,0.92474,0.99954,1,0.995,0.98312,0.99954,1,0.995,0.99023,0.26787,0.29915,0.18859,0.84151,0.0015776,0.0015776,0.0015776
66,1101.9,0.32918,0.37072,0.23177,0.91668,0.99889,1,0.995,0.97495,0.99889,1,0.995,0.98988,0.23936,0.28991,0.18707,0.82021,0.001571,0.001571,0.001571
67,1121.45,0.34569,0.38611,0.24536,0.92011,0.99966,1,0.995,0.98046,0.99966,1,0.995,0.98869,0.23724,0.30309,0.17333,0.82441,0.0015644,0.0015644,0.0015644
68,1136.36,0.33224,0.39387,0.23118,0.91202,0.98387,1,0.995,0.98437,0.98387,1,0.995,0.98548,0.22872,0.30394,0.20369,0.81876,0.0015578,0.0015578,0.0015578
69,1150.72,0.33754,0.3646,0.23766,0.91619,0.99956,1,0.995,0.9785,0.99956,1,0.995,0.98394,0.26534,0.30676,0.20733,0.83623,0.0015512,0.0015512,0.0015512
70,1169.48,0.32647,0.36815,0.22845,0.90875,0.99926,1,0.995,0.98645,0.99926,1,0.995,0.98799,0.24371,0.31513,0.189,0.82712,0.0015446,0.0015446,0.0015446
71,1183.8,0.32477,0.3649,0.22509,0.90587,0.99965,1,0.995,0.97973,0.99965,1,0.995,0.98949,0.23421,0.29761,0.18509,0.81754,0.001538,0.001538,0.001538
72,1201.48,0.32626,0.3663,0.22999,0.91101,0.99967,1,0.995,0.98112,0.99967,1,0.995,0.99096,0.23937,0.30345,0.17435,0.82286,0.0015314,0.0015314,0.0015314
73,1215.56,0.3341,0.37109,0.23364,0.90827,0.98824,1,0.99455,0.96891,0.98824,1,0.99455,0.98507,0.27982,0.30947,0.25092,0.84818,0.0015248,0.0015248,0.0015248
74,1232.89,0.34721,0.38271,0.23541,0.92248,0.99967,1,0.995,0.982,0.99967,1,0.995,0.99105,0.23825,0.30187,0.17409,0.82311,0.0015182,0.0015182,0.0015182
75,1245.75,0.34098,0.37727,0.23513,0.92219,0.99952,1,0.995,0.98613,0.99952,1,0.995,0.98958,0.23155,0.28932,0.18081,0.81993,0.0015116,0.0015116,0.0015116
76,1259.83,0.31723,0.35534,0.22871,0.90558,0.99947,1,0.995,0.98591,0.99947,1,0.995,0.98757,0.24709,0.28944,0.18322,0.83264,0.001505,0.001505,0.001505
77,1277.11,0.33028,0.39583,0.2383,0.91914,0.99541,1,0.995,0.97813,0.99541,1,0.995,0.98701,0.24014,0.29002,0.20564,0.82342,0.0014984,0.0014984,0.0014984
78,1292.38,0.33398,0.36989,0.23768,0.91052,0.99968,1,0.995,0.97645,0.99968,1,0.995,0.98852,0.26029,0.30438,0.19043,0.83369,0.0014918,0.0014918,0.0014918
79,1310.66,0.34038,0.37304,0.23262,0.91411,0.99967,1,0.995,0.97819,0.99967,1,0.995,0.9894,0.2477,0.30217,0.17159,0.82598,0.0014852,0.0014852,0.0014852
80,1327.15,0.32576,0.3629,0.23045,0.90328,0.99967,1,0.995,0.97875,0.99967,1,0.995,0.98974,0.2503,0.29162,0.17966,0.82621,0.0014786,0.0014786,0.0014786
81,1344.94,0.32331,0.34862,0.22446,0.91698,0.99943,1,0.995,0.98313,0.99943,1,0.995,0.99021,0.24178,0.2959,0.18716,0.82058,0.001472,0.001472,0.001472
82,1357.32,0.33546,0.34635,0.23353,0.91881,0.99964,1,0.995,0.98172,0.99964,1,0.995,0.9901,0.24863,0.29664,0.18005,0.82368,0.0014654,0.0014654,0.0014654
83,1376.26,0.33554,0.38571,0.235,0.91578,0.99425,0.99384,0.99494,0.97917,0.99425,0.99384,0.99494,0.99047,0.25794,0.2918,0.2005,0.84261,0.0014588,0.0014588,0.0014588
84,1396.69,0.31327,0.34513,0.22456,0.90416,0.99964,1,0.995,0.98108,0.99964,1,0.995,0.99112,0.23503,0.29341,0.16429,0.8221,0.0014522,0.0014522,0.0014522
85,1416.05,0.3115,0.35534,0.22734,0.90197,0.99968,1,0.995,0.98959,0.99968,1,0.995,0.99228,0.22101,0.2943,0.16008,0.81543,0.0014456,0.0014456,0.0014456
86,1431.38,0.30996,0.34162,0.22554,0.90883,0.99967,1,0.995,0.97913,0.99967,1,0.995,0.9914,0.26681,0.30919,0.19495,0.84282,0.001439,0.001439,0.001439
87,1451.54,0.32515,0.35374,0.23985,0.91111,0.99964,1,0.995,0.98047,0.99964,1,0.995,0.99051,0.22362,0.29699,0.17448,0.81464,0.0014324,0.0014324,0.0014324
88,1473.91,0.31841,0.3369,0.22819,0.91148,0.99963,1,0.995,0.98288,0.99963,1,0.995,0.98868,0.25372,0.29324,0.17597,0.82756,0.0014258,0.0014258,0.0014258
89,1502.49,0.31557,0.3739,0.22581,0.91285,0.99964,1,0.995,0.98221,0.99964,1,0.995,0.98572,0.24041,0.30837,0.1745,0.81995,0.0014192,0.0014192,0.0014192
90,1526.61,0.30305,0.35621,0.21814,0.91046,0.97679,0.97701,0.9923,0.97578,0.97679,0.97701,0.9923,0.98645,0.24855,0.29784,0.23329,0.82803,0.0014126,0.0014126,0.0014126
91,1539.17,0.31449,0.35957,0.22398,0.91041,0.99955,1,0.995,0.98328,0.99955,1,0.995,0.99097,0.23306,0.2951,0.16528,0.82207,0.001406,0.001406,0.001406
92,1558.3,0.3178,0.35956,0.22477,0.90935,0.99934,1,0.995,0.98069,0.99934,1,0.995,0.99134,0.23263,0.29215,0.16648,0.82321,0.0013994,0.0013994,0.0013994
93,1573.16,0.33397,0.38325,0.22761,0.91713,0.99958,1,0.995,0.97507,0.99958,1,0.995,0.98771,0.27871,0.30111,0.23027,0.86,0.0013928,0.0013928,0.0013928
94,1593.77,0.32553,0.36938,0.22746,0.91122,0.99966,1,0.995,0.97659,0.99966,1,0.995,0.98857,0.25219,0.28846,0.16565,0.83039,0.0013862,0.0013862,0.0013862
95,1625.69,0.31697,0.37569,0.22679,0.90439,0.99964,1,0.995,0.97774,0.99964,1,0.995,0.98441,0.26555,0.29528,0.21009,0.85568,0.0013796,0.0013796,0.0013796
96,1642.99,0.31585,0.35583,0.22145,0.8995,0.98746,0.98851,0.99472,0.97252,0.98746,0.98851,0.99472,0.98711,0.26383,0.29596,0.21588,0.84355,0.001373,0.001373,0.001373
97,1660.08,0.32569,0.39234,0.2245,0.91051,0.99704,1,0.995,0.98005,0.99704,1,0.995,0.98759,0.23816,0.28689,0.18074,0.82996,0.0013664,0.0013664,0.0013664
98,1677.46,0.32595,0.38582,0.22309,0.90686,0.99961,1,0.995,0.98507,0.99961,1,0.995,0.9888,0.22389,0.29591,0.15778,0.80809,0.0013598,0.0013598,0.0013598
99,1699.97,0.31509,0.36177,0.22386,0.91223,0.99966,1,0.995,0.98117,0.99966,1,0.995,0.99087,0.22946,0.30371,0.16988,0.81467,0.0013532,0.0013532,0.0013532
100,1719.51,0.30692,0.36469,0.21178,0.90076,0.99963,1,0.995,0.98499,0.99963,1,0.995,0.99225,0.22427,0.28308,0.18739,0.81731,0.0013466,0.0013466,0.0013466
101,1740.28,0.2999,0.3511,0.21442,0.90337,0.99958,1,0.995,0.98138,0.99958,1,0.995,0.99088,0.23444,0.29541,0.17897,0.81863,0.00134,0.00134,0.00134
102,1761.15,0.30564,0.36163,0.21793,0.90791,0.99967,1,0.995,0.98694,0.99967,1,0.995,0.99102,0.23978,0.29704,0.18676,0.82082,0.0013334,0.0013334,0.0013334
103,1779.8,0.33364,0.39748,0.23533,0.91618,0.99943,1,0.995,0.97897,0.99943,1,0.995,0.98962,0.23682,0.29591,0.19015,0.83231,0.0013268,0.0013268,0.0013268
104,1792.43,0.32097,0.35632,0.21948,0.90708,0.9982,1,0.995,0.98197,0.9982,1,0.995,0.98749,0.23596,0.3007,0.18291,0.82372,0.0013202,0.0013202,0.0013202
105,1808.8,0.31691,0.35853,0.21605,0.90473,0.99919,1,0.995,0.98338,0.99919,1,0.995,0.98895,0.2497,0.29571,0.2058,0.83005,0.0013136,0.0013136,0.0013136
106,1821.6,0.32721,0.36019,0.21881,0.90615,0.99947,1,0.995,0.98454,0.99947,1,0.995,0.99196,0.22827,0.28542,0.184,0.81672,0.001307,0.001307,0.001307
107,1838.2,0.29679,0.32853,0.20301,0.90923,0.99964,1,0.995,0.98931,0.99964,1,0.995,0.99134,0.22557,0.28637,0.17541,0.80779,0.0013004,0.0013004,0.0013004
108,1855.85,0.30122,0.33159,0.20184,0.9081,0.99926,1,0.995,0.99108,0.99926,1,0.995,0.99319,0.22234,0.29297,0.17434,0.80619,0.0012938,0.0012938,0.0012938
109,1874.12,0.30519,0.35411,0.21245,0.90113,0.99967,1,0.995,0.98647,0.99967,1,0.995,0.99261,0.23653,0.28747,0.1803,0.82063,0.0012872,0.0012872,0.0012872
110,1888.52,0.31447,0.35739,0.21832,0.90838,0.99967,1,0.995,0.98401,0.99967,1,0.995,0.99307,0.23738,0.28101,0.17189,0.82148,0.0012806,0.0012806,0.0012806
111,1904.1,0.31494,0.36605,0.21855,0.90336,0.99968,1,0.995,0.98037,0.99968,1,0.995,0.9911,0.25115,0.29457,0.18668,0.82875,0.001274,0.001274,0.001274
112,1922.13,0.30851,0.35469,0.2169,0.91039,0.99963,1,0.995,0.98147,0.99963,1,0.995,0.99099,0.21738,0.28907,0.16929,0.80759,0.0012674,0.0012674,0.0012674
113,1935.82,0.31077,0.35873,0.21858,0.91225,0.99917,1,0.995,0.98603,0.99917,1,0.995,0.99234,0.22577,0.28326,0.16938,0.80808,0.0012608,0.0012608,0.0012608
114,1953.6,0.3006,0.38785,0.20871,0.90294,0.99785,1,0.995,0.98358,0.99785,1,0.995,0.99027,0.22433,0.28431,0.1636,0.81242,0.0012542,0.0012542,0.0012542
115,1966.94,0.30359,0.34426,0.21637,0.90516,0.99747,1,0.995,0.97849,0.99747,1,0.995,0.99179,0.24563,0.28981,0.18062,0.82474,0.0012476,0.0012476,0.0012476
116,1983.96,0.30277,0.35661,0.21363,0.90237,0.99963,1,0.995,0.98326,0.99963,1,0.995,0.99042,0.25106,0.296,0.17554,0.83142,0.001241,0.001241,0.001241
117,1998.71,0.30951,0.3558,0.21559,0.9054,0.9987,1,0.995,0.98251,0.9987,1,0.995,0.99157,0.23701,0.29748,0.18452,0.81819,0.0012344,0.0012344,0.0012344
118,2019.94,0.30864,0.36712,0.22593,0.90596,0.99964,1,0.995,0.97449,0.99964,1,0.995,0.99161,0.25133,0.30054,0.18042,0.82608,0.0012278,0.0012278,0.0012278
119,2038.4,0.29612,0.34601,0.2112,0.90231,0.99955,1,0.995,0.97692,0.99955,1,0.995,0.98991,0.2409,0.28818,0.17114,0.82439,0.0012212,0.0012212,0.0012212
120,2056.93,0.31664,0.35298,0.21564,0.91727,0.99963,1,0.995,0.98403,0.99963,1,0.995,0.98891,0.222,0.29565,0.17279,0.80883,0.0012146,0.0012146,0.0012146
121,2075.75,0.32161,0.35914,0.22411,0.91488,0.99964,1,0.995,0.98417,0.99964,1,0.995,0.99105,0.21539,0.28737,0.17259,0.80121,0.001208,0.001208,0.001208
122,2098.91,0.30297,0.33456,0.20915,0.90573,0.999,1,0.995,0.98486,0.999,1,0.995,0.99205,0.23562,0.28455,0.17882,0.81555,0.0012014,0.0012014,0.0012014
123,2118.24,0.31772,0.33496,0.21549,0.90908,0.99899,1,0.995,0.9875,0.99899,1,0.995,0.99046,0.21511,0.30332,0.16497,0.80585,0.0011948,0.0011948,0.0011948
124,2138.68,0.28761,0.33652,0.20009,0.89725,0.97672,1,0.99489,0.98553,0.97672,1,0.99489,0.99051,0.22221,0.28617,0.16091,0.8098,0.0011882,0.0011882,0.0011882
125,2156.29,0.3197,0.34367,0.21369,0.91046,0.99377,1,0.995,0.98675,0.99377,1,0.995,0.99029,0.22134,0.28386,0.15924,0.81063,0.0011816,0.0011816,0.0011816
126,2173.83,0.31013,0.34133,0.2144,0.90409,0.99416,0.97799,0.99483,0.98924,0.99416,0.97799,0.99483,0.99271,0.20069,0.2817,0.15199,0.7971,0.001175,0.001175,0.001175
127,2186.73,0.29418,0.32676,0.20269,0.90028,0.99962,1,0.995,0.98661,0.99962,1,0.995,0.99134,0.21209,0.27987,0.15966,0.79959,0.0011684,0.0011684,0.0011684
128,2204.68,0.312,0.36871,0.20855,0.9045,0.99968,1,0.995,0.98647,0.99968,1,0.995,0.99165,0.23008,0.289,0.16047,0.81327,0.0011618,0.0011618,0.0011618
129,2218.8,0.30178,0.33975,0.20419,0.90606,0.99962,1,0.995,0.98415,0.99962,1,0.995,0.99031,0.23352,0.29568,0.17078,0.82044,0.0011552,0.0011552,0.0011552
130,2235.88,0.30107,0.33387,0.20645,0.9027,0.99967,1,0.995,0.98242,0.99967,1,0.995,0.99024,0.21426,0.27698,0.14866,0.80644,0.0011486,0.0011486,0.0011486
131,2249.99,0.29369,0.3144,0.1958,0.89561,0.99967,1,0.995,0.98347,0.99967,1,0.995,0.9908,0.2072,0.27814,0.14855,0.80195,0.001142,0.001142,0.001142
132,2271.38,0.2978,0.3469,0.20602,0.90252,0.99968,1,0.995,0.98161,0.99968,1,0.995,0.99057,0.23358,0.28666,0.15278,0.81599,0.0011354,0.0011354,0.0011354
133,2291.59,0.28962,0.32694,0.20093,0.89916,0.99907,1,0.995,0.98888,0.99907,1,0.995,0.99237,0.21148,0.28382,0.15057,0.80613,0.0011288,0.0011288,0.0011288
134,2312.88,0.29164,0.34795,0.19907,0.90425,0.99398,1,0.995,0.98254,0.99398,1,0.995,0.98867,0.23492,0.30226,0.1713,0.81638,0.0011222,0.0011222,0.0011222
135,2330.2,0.29682,0.3512,0.19995,0.9024,0.99918,1,0.995,0.98754,0.99918,1,0.995,0.99037,0.20431,0.29373,0.14577,0.79272,0.0011156,0.0011156,0.0011156
136,2346.83,0.29714,0.36575,0.19965,0.91439,0.99968,1,0.995,0.98369,0.99968,1,0.995,0.99108,0.22353,0.28026,0.15191,0.81084,0.001109,0.001109,0.001109
137,2361.73,0.28916,0.32881,0.20148,0.90365,0.99967,1,0.995,0.98057,0.99967,1,0.995,0.99275,0.24937,0.28872,0.18731,0.83993,0.0011024,0.0011024,0.0011024
138,2382.74,0.30905,0.35404,0.21478,0.90942,0.99853,1,0.995,0.97289,0.99853,1,0.995,0.99018,0.27442,0.27886,0.20931,0.84632,0.0010958,0.0010958,0.0010958
139,2399.51,0.31669,0.35537,0.21214,0.9091,0.99967,1,0.995,0.97756,0.99967,1,0.995,0.98872,0.24213,0.28229,0.1899,0.82586,0.0010892,0.0010892,0.0010892
140,2419.08,0.28996,0.32741,0.20301,0.90159,0.99955,1,0.995,0.9796,0.99955,1,0.995,0.98963,0.23421,0.28836,0.17525,0.8207,0.0010826,0.0010826,0.0010826
141,2437.69,0.3015,0.34067,0.2129,0.90425,0.99963,1,0.995,0.98584,0.99963,1,0.995,0.991,0.24146,0.28265,0.16817,0.83176,0.001076,0.001076,0.001076
142,2456.4,0.30382,0.36183,0.21602,0.91139,0.99954,1,0.995,0.98085,0.99954,1,0.995,0.9883,0.23487,0.28099,0.16359,0.82371,0.0010694,0.0010694,0.0010694
143,2473.08,0.30184,0.37804,0.21502,0.9061,0.99966,1,0.995,0.98226,0.99966,1,0.995,0.99084,0.25814,0.28988,0.16775,0.83838,0.0010628,0.0010628,0.0010628
144,2489.63,0.30346,0.3417,0.2137,0.90136,0.99966,1,0.995,0.98727,0.99966,1,0.995,0.99197,0.22659,0.288,0.17213,0.81119,0.0010562,0.0010562,0.0010562
145,2502.74,0.2814,0.31829,0.19708,0.89647,0.9996,1,0.995,0.98201,0.9996,1,0.995,0.99018,0.22232,0.28795,0.1625,0.80757,0.0010496,0.0010496,0.0010496
146,2523.58,0.29154,0.34953,0.20192,0.90314,0.99943,1,0.995,0.98632,0.99943,1,0.995,0.98727,0.22136,0.29425,0.16576,0.80727,0.001043,0.001043,0.001043
147,2537.6,0.30123,0.32363,0.21485,0.89536,0.99783,1,0.995,0.98479,0.99783,1,0.995,0.9894,0.22374,0.28503,0.16663,0.80636,0.0010364,0.0010364,0.0010364
148,2558.68,0.29822,0.35895,0.21546,0.90409,0.99964,1,0.995,0.98962,0.99964,1,0.995,0.99335,0.22623,0.27706,0.17333,0.81446,0.0010298,0.0010298,0.0010298
149,2573.74,0.29649,0.34731,0.20938,0.90191,0.99954,1,0.995,0.98756,0.99954,1,0.995,0.99137,0.2329,0.28224,0.16691,0.81436,0.0010232,0.0010232,0.0010232
150,2586.46,0.30161,0.37186,0.21874,0.90017,0.99965,1,0.995,0.9863,0.99965,1,0.995,0.99264,0.22038,0.28227,0.17332,0.80932,0.0010166,0.0010166,0.0010166
151,2603.65,0.29458,0.32637,0.20678,0.89771,0.99967,1,0.995,0.9886,0.99967,1,0.995,0.99261,0.21478,0.27788,0.16887,0.80839,0.00101,0.00101,0.00101
152,2617.36,0.3007,0.35344,0.21386,0.90711,0.99886,1,0.995,0.98413,0.99886,1,0.995,0.99146,0.22192,0.27488,0.17821,0.81166,0.0010034,0.0010034,0.0010034
153,2635.32,0.29147,0.36483,0.20629,0.90359,0.99931,1,0.995,0.9875,0.99931,1,0.995,0.9928,0.23328,0.27766,0.20944,0.8207,0.0009968,0.0009968,0.0009968
154,2652.77,0.28731,0.33343,0.21308,0.9048,0.95573,0.99249,0.99309,0.97067,0.95573,0.99249,0.99309,0.97939,0.26443,0.3375,0.24166,0.85925,0.0009902,0.0009902,0.0009902
155,2669.61,0.29436,0.35481,0.21153,0.90652,0.99881,1,0.995,0.97922,0.99881,1,0.995,0.99243,0.23583,0.27534,0.16978,0.81633,0.0009836,0.0009836,0.0009836
156,2682.37,0.30099,0.35189,0.208,0.90823,0.99695,1,0.995,0.98761,0.99695,1,0.995,0.9896,0.21231,0.27907,0.17268,0.79903,0.000977,0.000977,0.000977
157,2701.51,0.28675,0.32576,0.20637,0.90093,0.99628,1,0.995,0.98771,0.99628,1,0.995,0.99229,0.23725,0.27707,0.18168,0.82399,0.0009704,0.0009704,0.0009704
158,2712.98,0.29632,0.34738,0.20953,0.90149,0.99967,1,0.995,0.98997,0.99967,1,0.995,0.9933,0.21226,0.27735,0.1672,0.79852,0.0009638,0.0009638,0.0009638
159,2724.59,0.282,0.34014,0.19522,0.88995,0.99968,1,0.995,0.9908,0.99968,1,0.995,0.99139,0.23526,0.28051,0.16231,0.81057,0.0009572,0.0009572,0.0009572
160,2739.68,0.29153,0.34356,0.20165,0.8986,0.99962,1,0.995,0.99078,0.99962,1,0.995,0.99241,0.20804,0.27963,0.15907,0.79288,0.0009506,0.0009506,0.0009506
161,2754.4,0.30097,0.38621,0.2029,0.90684,0.99959,1,0.995,0.98563,0.99959,1,0.995,0.99078,0.22777,0.28061,0.16724,0.80729,0.000944,0.000944,0.000944
162,2773.02,0.29207,0.3534,0.2035,0.90394,0.99421,1,0.995,0.98605,0.99421,1,0.995,0.99246,0.22188,0.27627,0.16611,0.80506,0.0009374,0.0009374,0.0009374
163,2792.18,0.2923,0.36681,0.20054,0.89997,0.99935,1,0.995,0.9864,0.99935,1,0.995,0.99254,0.20531,0.27475,0.14207,0.79551,0.0009308,0.0009308,0.0009308
164,2811.01,0.27195,0.30663,0.18583,0.89934,0.99836,1,0.995,0.99032,0.99836,1,0.995,0.99198,0.21336,0.29562,0.1505,0.80068,0.0009242,0.0009242,0.0009242
165,2823.47,0.28268,0.3249,0.18927,0.89835,0.99941,1,0.995,0.98906,0.99941,1,0.995,0.99311,0.21649,0.27765,0.14898,0.7991,0.0009176,0.0009176,0.0009176
166,2835.48,0.28482,0.33414,0.19427,0.89586,0.99944,1,0.995,0.98566,0.99944,1,0.995,0.99203,0.21112,0.27512,0.15165,0.7991,0.000911,0.000911,0.000911
167,2850.59,0.28229,0.30824,0.19279,0.9009,0.98679,1,0.99483,0.98667,0.98679,1,0.99483,0.99366,0.21359,0.28652,0.16403,0.79972,0.0009044,0.0009044,0.0009044
168,2862.14,0.29695,0.36448,0.19889,0.89724,0.99753,1,0.995,0.99144,0.99753,1,0.995,0.99448,0.19856,0.27697,0.14781,0.78979,0.0008978,0.0008978,0.0008978
169,2872.97,0.28144,0.32081,0.18929,0.88888,0.99937,1,0.995,0.98983,0.99937,1,0.995,0.99322,0.20893,0.27517,0.13925,0.79844,0.0008912,0.0008912,0.0008912
170,2886.16,0.278,0.3281,0.19284,0.9003,0.99959,1,0.995,0.9905,0.99959,1,0.995,0.9943,0.21503,0.28155,0.14384,0.8019,0.0008846,0.0008846,0.0008846
171,2896.78,0.29573,0.35361,0.19526,0.89537,0.99936,1,0.995,0.99063,0.99936,1,0.995,0.99289,0.19861,0.27772,0.13625,0.79242,0.000878,0.000878,0.000878
172,2913.69,0.28458,0.33865,0.18997,0.89243,0.99967,1,0.995,0.98898,0.99967,1,0.995,0.99424,0.2015,0.27623,0.14046,0.79053,0.0008714,0.0008714,0.0008714
173,2927.5,0.28486,0.33042,0.19267,0.89559,0.99966,1,0.995,0.98935,0.99966,1,0.995,0.99343,0.21059,0.27314,0.1502,0.80296,0.0008648,0.0008648,0.0008648
174,2940.38,0.29548,0.38954,0.19491,0.90131,0.99967,1,0.995,0.98882,0.99967,1,0.995,0.99408,0.2003,0.27208,0.14148,0.78926,0.0008582,0.0008582,0.0008582
175,2957.3,0.29195,0.33295,0.20085,0.90078,0.99964,1,0.995,0.9841,0.99964,1,0.995,0.98598,0.2032,0.27375,0.14293,0.79471,0.0008516,0.0008516,0.0008516
176,2970.91,0.29244,0.38739,0.19764,0.90447,0.99964,1,0.995,0.98435,0.99964,1,0.995,0.99064,0.2124,0.28672,0.14427,0.80064,0.000845,0.000845,0.000845
177,2988.11,0.27498,0.33542,0.18257,0.89907,0.99961,1,0.995,0.9865,0.99961,1,0.995,0.99148,0.20343,0.27652,0.13559,0.79391,0.0008384,0.0008384,0.0008384
178,3001.65,0.27869,0.3154,0.18514,0.89051,0.99932,1,0.995,0.9883,0.99932,1,0.995,0.9914,0.20567,0.27964,0.13638,0.80056,0.0008318,0.0008318,0.0008318
179,3017.07,0.28551,0.34154,0.19497,0.90577,0.96237,1,0.99432,0.98913,0.96237,1,0.99432,0.99074,0.22203,0.27263,0.19954,0.81322,0.0008252,0.0008252,0.0008252
180,3034.17,0.28293,0.33516,0.19032,0.89807,0.99946,1,0.995,0.98862,0.99946,1,0.995,0.99159,0.21742,0.27469,0.14197,0.8041,0.0008186,0.0008186,0.0008186
181,3048.2,0.28955,0.33021,0.19092,0.89914,0.99951,1,0.995,0.98967,0.99951,1,0.995,0.99229,0.20344,0.27738,0.13553,0.79422,0.000812,0.000812,0.000812
182,3065.78,0.27919,0.31753,0.18655,0.89877,0.99955,1,0.995,0.98704,0.99955,1,0.995,0.99202,0.21259,0.27535,0.14615,0.79878,0.0008054,0.0008054,0.0008054
183,3079,0.27001,0.35092,0.18561,0.89522,0.99959,1,0.995,0.99017,0.99959,1,0.995,0.99411,0.20519,0.27226,0.1433,0.79265,0.0007988,0.0007988,0.0007988
184,3095.36,0.28122,0.36837,0.18783,0.89603,0.99779,1,0.995,0.98933,0.99779,1,0.995,0.99402,0.20165,0.27728,0.14829,0.79128,0.0007922,0.0007922,0.0007922
185,3108.9,0.2778,0.33137,0.18346,0.89612,0.98859,0.99608,0.99477,0.99233,0.98859,0.99608,0.99477,0.99217,0.19765,0.27368,0.15251,0.79113,0.0007856,0.0007856,0.0007856
186,3122.41,0.27994,0.33265,0.18358,0.89955,0.99643,1,0.995,0.99296,0.99643,1,0.995,0.995,0.19981,0.26777,0.14394,0.79179,0.000779,0.000779,0.000779
187,3140.9,0.26724,0.32152,0.18053,0.8924,0.99917,1,0.995,0.98981,0.99917,1,0.995,0.995,0.1989,0.26603,0.13568,0.78792,0.0007724,0.0007724,0.0007724
188,3154.23,0.28486,0.34618,0.18885,0.89654,0.99943,1,0.995,0.99119,0.99943,1,0.995,0.99314,0.20595,0.27395,0.14647,0.79807,0.0007658,0.0007658,0.0007658
189,3170.78,0.26354,0.33301,0.18228,0.88647,0.99941,1,0.995,0.98891,0.99941,1,0.995,0.99331,0.18858,0.26856,0.1354,0.7859,0.0007592,0.0007592,0.0007592
190,3184.49,0.27852,0.30402,0.18679,0.89203,0.99958,1,0.995,0.98947,0.99958,1,0.995,0.9934,0.20913,0.2704,0.16896,0.80601,0.0007526,0.0007526,0.0007526
191,3202.97,0.28686,0.3191,0.19261,0.89472,0.99934,1,0.995,0.98876,0.99934,1,0.995,0.99499,0.20826,0.26712,0.17208,0.79623,0.000746,0.000746,0.000746
192,3217.97,0.29355,0.35715,0.19341,0.89968,0.9981,1,0.995,0.9865,0.9981,1,0.995,0.99289,0.22746,0.27289,0.24566,0.81,0.0007394,0.0007394,0.0007394
193,3232.62,0.27112,0.32532,0.19044,0.88986,0.9946,1,0.995,0.98754,0.9946,1,0.995,0.99198,0.21483,0.2732,0.20047,0.80197,0.0007328,0.0007328,0.0007328
194,3256.83,0.27827,0.346,0.18993,0.90146,0.98562,1,0.99494,0.99047,0.98562,1,0.99494,0.9939,0.21091,0.26399,0.18503,0.79987,0.0007262,0.0007262,0.0007262
195,3282.44,0.25883,0.30106,0.176,0.88289,0.98561,1,0.995,0.99191,0.98561,1,0.995,0.99416,0.20366,0.27491,0.17528,0.79453,0.0007196,0.0007196,0.0007196
196,3297.58,0.28006,0.33889,0.18389,0.89259,0.99323,1,0.995,0.98681,0.99323,1,0.995,0.99208,0.21103,0.27087,0.20623,0.80648,0.000713,0.000713,0.000713
197,3316.73,0.27081,0.33151,0.18668,0.89245,0.99918,1,0.995,0.98825,0.99918,1,0.995,0.99287,0.2068,0.26528,0.17726,0.79846,0.0007064,0.0007064,0.0007064
198,3330.67,0.27007,0.30464,0.1787,0.89149,0.99949,1,0.995,0.99232,0.99949,1,0.995,0.99361,0.21559,0.27153,0.17375,0.80252,0.0006998,0.0006998,0.0006998
199,3350.02,0.27804,0.33942,0.18978,0.90005,0.99952,1,0.995,0.99152,0.99952,1,0.995,0.99241,0.20863,0.26952,0.17348,0.79893,0.0006932,0.0006932,0.0006932
200,3370.62,0.28577,0.35004,0.18787,0.89394,0.99914,1,0.995,0.99017,0.99914,1,0.995,0.99398,0.20028,0.26804,0.16007,0.7914,0.0006866,0.0006866,0.0006866
201,3394.89,0.28949,0.34883,0.1913,0.90183,0.99835,1,0.995,0.99204,0.99835,1,0.995,0.99392,0.19685,0.26765,0.15988,0.7885,0.00068,0.00068,0.00068
202,3420.15,0.28369,0.37192,0.18885,0.88995,0.99968,1,0.995,0.99131,0.99968,1,0.995,0.99312,0.19376,0.26859,0.15095,0.78346,0.0006734,0.0006734,0.0006734
203,3445.89,0.26782,0.3267,0.17902,0.89136,0.99967,1,0.995,0.98917,0.99967,1,0.995,0.99259,0.19706,0.26898,0.1452,0.78412,0.0006668,0.0006668,0.0006668
204,3465.28,0.2692,0.33185,0.17319,0.8955,0.99966,1,0.995,0.98995,0.99966,1,0.995,0.99213,0.19639,0.2773,0.15232,0.78494,0.0006602,0.0006602,0.0006602
205,3481.41,0.26748,0.33325,0.18041,0.89946,0.99964,1,0.995,0.99248,0.99964,1,0.995,0.9945,0.19478,0.26639,0.14369,0.78471,0.0006536,0.0006536,0.0006536
206,3495.65,0.26201,0.33405,0.17876,0.89137,0.99927,1,0.995,0.9929,0.99927,1,0.995,0.99365,0.20558,0.26443,0.16396,0.79342,0.000647,0.000647,0.000647
207,3512.37,0.2598,0.30329,0.17294,0.88972,0.99895,1,0.995,0.99177,0.99895,1,0.995,0.99457,0.22243,0.2683,0.19224,0.80841,0.0006404,0.0006404,0.0006404
208,3528.11,0.27281,0.31875,0.18515,0.89731,0.99961,1,0.995,0.98882,0.99961,1,0.995,0.99337,0.22096,0.26794,0.2079,0.80527,0.0006338,0.0006338,0.0006338
209,3550.21,0.28879,0.34947,0.19232,0.90156,0.9971,1,0.995,0.99296,0.9971,1,0.995,0.99387,0.20886,0.27056,0.18764,0.79552,0.0006272,0.0006272,0.0006272
210,3567.65,0.27369,0.32478,0.1862,0.89801,0.99475,1,0.995,0.98981,0.99475,1,0.995,0.99433,0.20114,0.27156,0.17916,0.78978,0.0006206,0.0006206,0.0006206
211,3586.6,0.27375,0.32176,0.18856,0.89526,0.99524,1,0.995,0.98811,0.99524,1,0.995,0.99184,0.21362,0.26553,0.17663,0.79742,0.000614,0.000614,0.000614
212,3599.58,0.27892,0.3405,0.18456,0.89822,0.99294,1,0.995,0.99276,0.99294,1,0.995,0.99377,0.19623,0.26797,0.14423,0.78644,0.0006074,0.0006074,0.0006074
213,3620.54,0.27331,0.3281,0.18435,0.89575,0.99957,1,0.995,0.9934,0.99957,1,0.995,0.99361,0.1888,0.26717,0.13729,0.78439,0.0006008,0.0006008,0.0006008
214,3638.54,0.2626,0.32897,0.17609,0.89033,0.99953,1,0.995,0.99073,0.99953,1,0.995,0.99256,0.19811,0.26528,0.13877,0.79511,0.0005942,0.0005942,0.0005942
215,3657.08,0.27159,0.32732,0.17718,0.88555,0.9996,1,0.995,0.9905,0.9996,1,0.995,0.99401,0.21352,0.26566,0.16057,0.80507,0.0005876,0.0005876,0.0005876
216,3673.96,0.26762,0.31076,0.1829,0.89066,0.99905,1,0.995,0.99086,0.99905,1,0.995,0.99296,0.20828,0.26294,0.15604,0.7989,0.000581,0.000581,0.000581
217,3689.73,0.26421,0.33482,0.1841,0.89277,0.99958,1,0.995,0.99089,0.99958,1,0.995,0.99421,0.21504,0.26798,0.14827,0.80642,0.0005744,0.0005744,0.0005744
218,3707.67,0.25645,0.30123,0.1715,0.89386,0.99966,1,0.995,0.98948,0.99966,1,0.995,0.99382,0.19695,0.26383,0.13892,0.78969,0.0005678,0.0005678,0.0005678
219,3723.73,0.26453,0.31539,0.17791,0.89281,0.99968,1,0.995,0.98834,0.99968,1,0.995,0.9946,0.19789,0.26067,0.12902,0.79197,0.0005612,0.0005612,0.0005612
220,3737.58,0.26689,0.30165,0.17239,0.88821,0.99952,1,0.995,0.98901,0.99952,1,0.995,0.99371,0.19751,0.26133,0.1278,0.78808,0.0005546,0.0005546,0.0005546
221,3754.38,0.25383,0.32269,0.16721,0.89313,0.99963,1,0.995,0.99107,0.99963,1,0.995,0.99306,0.19989,0.2625,0.12734,0.78926,0.000548,0.000548,0.000548
222,3771.21,0.2748,0.33011,0.18146,0.89616,0.99967,1,0.995,0.9915,0.99967,1,0.995,0.9944,0.20366,0.26613,0.13196,0.79607,0.0005414,0.0005414,0.0005414
223,3790.45,0.27613,0.35323,0.17909,0.90188,0.99965,1,0.995,0.98899,0.99965,1,0.995,0.99401,0.19903,0.25766,0.13363,0.79053,0.0005348,0.0005348,0.0005348
224,3809.08,0.25671,0.32293,0.17115,0.88602,0.99957,1,0.995,0.98786,0.99957,1,0.995,0.9944,0.20471,0.2674,0.13873,0.79376,0.0005282,0.0005282,0.0005282
225,3826.04,0.26849,0.32237,0.17609,0.88921,0.99961,1,0.995,0.99365,0.99961,1,0.995,0.99379,0.19306,0.25844,0.13173,0.7858,0.0005216,0.0005216,0.0005216
226,3842.77,0.2541,0.31041,0.17216,0.88597,0.99966,1,0.995,0.98991,0.99966,1,0.995,0.99466,0.19164,0.25935,0.14108,0.78281,0.000515,0.000515,0.000515
227,3859.97,0.25554,0.31505,0.17058,0.88511,0.99939,1,0.995,0.99099,0.99939,1,0.995,0.99371,0.19411,0.26425,0.12798,0.78249,0.0005084,0.0005084,0.0005084
228,3874.62,0.27312,0.32479,0.17661,0.90361,0.99952,1,0.995,0.99132,0.99952,1,0.995,0.99368,0.19326,0.28948,0.12643,0.78304,0.0005018,0.0005018,0.0005018
229,3890.05,0.27869,0.35288,0.18504,0.89877,0.99968,1,0.995,0.99245,0.99968,1,0.995,0.99484,0.17971,0.26018,0.12348,0.77619,0.0004952,0.0004952,0.0004952
230,3904.74,0.2627,0.32205,0.17415,0.89675,0.99964,1,0.995,0.98925,0.99964,1,0.995,0.99499,0.21075,0.26758,0.13935,0.79465,0.0004886,0.0004886,0.0004886
231,3919.67,0.27507,0.32952,0.18778,0.89817,0.99926,1,0.995,0.99333,0.99926,1,0.995,0.99499,0.19342,0.26157,0.14328,0.78366,0.000482,0.000482,0.000482
232,3934.42,0.28161,0.35141,0.18552,0.89726,0.99967,1,0.995,0.99375,0.99967,1,0.995,0.99373,0.19573,0.26029,0.14642,0.78369,0.0004754,0.0004754,0.0004754
233,3949.63,0.25539,0.31651,0.17151,0.88709,0.99968,1,0.995,0.99403,0.99968,1,0.995,0.995,0.18317,0.26114,0.14067,0.77783,0.0004688,0.0004688,0.0004688
234,3963.27,0.26929,0.33547,0.18282,0.89843,0.99969,1,0.995,0.99212,0.99969,1,0.995,0.9935,0.18778,0.26476,0.13494,0.78354,0.0004622,0.0004622,0.0004622
235,3976.89,0.25888,0.32104,0.1711,0.89255,0.9997,1,0.995,0.9885,0.9997,1,0.995,0.99252,0.19399,0.26028,0.13047,0.78929,0.0004556,0.0004556,0.0004556
236,3990.93,0.26637,0.31658,0.17741,0.89443,0.99969,1,0.995,0.99044,0.99969,1,0.995,0.99306,0.18874,0.25753,0.12693,0.78757,0.000449,0.000449,0.000449
237,4004.39,0.25436,0.32518,0.16557,0.89794,0.99969,1,0.995,0.99053,0.99969,1,0.995,0.99275,0.19675,0.25893,0.12993,0.79075,0.0004424,0.0004424,0.0004424
238,4018.82,0.25766,0.31081,0.16841,0.89653,0.99969,1,0.995,0.99018,0.99969,1,0.995,0.99418,0.18232,0.26376,0.12396,0.77943,0.0004358,0.0004358,0.0004358
239,4031.96,0.2641,0.33255,0.17168,0.90482,0.99969,1,0.995,0.99178,0.99969,1,0.995,0.99335,0.18474,0.26513,0.12435,0.78127,0.0004292,0.0004292,0.0004292
240,4045.03,0.26857,0.33489,0.17372,0.89378,0.99969,1,0.995,0.99253,0.99969,1,0.995,0.99387,0.18366,0.2607,0.13153,0.77902,0.0004226,0.0004226,0.0004226
241,4059.1,0.2514,0.29623,0.16372,0.88898,0.99968,1,0.995,0.9902,0.99968,1,0.995,0.99281,0.18228,0.25906,0.12978,0.77955,0.000416,0.000416,0.000416
242,4072.14,0.25355,0.33402,0.16822,0.89336,0.99968,1,0.995,0.99168,0.99968,1,0.995,0.99388,0.17812,0.26106,0.1258,0.77685,0.0004094,0.0004094,0.0004094
243,4086.2,0.24437,0.30164,0.16377,0.88674,0.99969,1,0.995,0.99206,0.99969,1,0.995,0.99447,0.17778,0.26047,0.1202,0.77497,0.0004028,0.0004028,0.0004028
244,4099.67,0.25503,0.32556,0.16744,0.89141,0.99969,1,0.995,0.99298,0.99969,1,0.995,0.99336,0.1814,0.26587,0.12626,0.77749,0.0003962,0.0003962,0.0003962
245,4113.61,0.26059,0.31733,0.16997,0.88998,0.99968,1,0.995,0.99068,0.99968,1,0.995,0.99329,0.18648,0.25966,0.13488,0.78452,0.0003896,0.0003896,0.0003896
246,4127.57,0.25396,0.31408,0.16353,0.88768,0.99969,1,0.995,0.98763,0.99969,1,0.995,0.99298,0.19434,0.25834,0.13681,0.79179,0.000383,0.000383,0.000383
247,4142.47,0.2449,0.293,0.15834,0.885,0.99969,1,0.995,0.98959,0.99969,1,0.995,0.99362,0.18677,0.25752,0.12815,0.78491,0.0003764,0.0003764,0.0003764
248,4158.22,0.25183,0.30253,0.16526,0.88806,0.99969,1,0.995,0.99111,0.99969,1,0.995,0.99385,0.18179,0.25981,0.12228,0.77733,0.0003698,0.0003698,0.0003698
249,4172.19,0.2534,0.30369,0.16139,0.89185,0.99969,1,0.995,0.99134,0.99969,1,0.995,0.99469,0.18435,0.26162,0.12273,0.78028,0.0003632,0.0003632,0.0003632
250,4189.46,0.2569,0.32688,0.16674,0.89335,0.99969,1,0.995,0.99238,0.99969,1,0.995,0.99443,0.18104,0.26302,0.1233,0.77697,0.0003566,0.0003566,0.0003566
251,4203.39,0.26772,0.35244,0.17076,0.88974,0.99968,1,0.995,0.99301,0.99968,1,0.995,0.99452,0.18311,0.26291,0.12804,0.77828,0.00035,0.00035,0.00035
252,4218.05,0.25647,0.32197,0.16542,0.89447,0.99967,1,0.995,0.99329,0.99967,1,0.995,0.99475,0.17843,0.25792,0.12016,0.77506,0.0003434,0.0003434,0.0003434
253,4231.25,0.24809,0.29262,0.15863,0.88369,0.99967,1,0.995,0.99444,0.99967,1,0.995,0.99473,0.17973,0.26092,0.11715,0.77492,0.0003368,0.0003368,0.0003368
254,4244.79,0.24326,0.28868,0.15964,0.89249,0.99967,1,0.995,0.99457,0.99967,1,0.995,0.99386,0.17675,0.26385,0.11815,0.77468,0.0003302,0.0003302,0.0003302
255,4258.55,0.24943,0.33134,0.16111,0.89254,0.99967,1,0.995,0.9946,0.99967,1,0.995,0.99307,0.17873,0.26221,0.11511,0.77466,0.0003236,0.0003236,0.0003236
256,4271.63,0.24825,0.30435,0.16239,0.88975,0.99969,1,0.995,0.9947,0.99969,1,0.995,0.994,0.18161,0.26236,0.1186,0.77797,0.000317,0.000317,0.000317
257,4286.01,0.25374,0.32169,0.16517,0.89282,0.99968,1,0.995,0.9947,0.99968,1,0.995,0.99311,0.17544,0.26207,0.11511,0.77426,0.0003104,0.0003104,0.0003104
258,4303.35,0.24939,0.33027,0.15889,0.8982,0.99968,1,0.995,0.99207,0.99968,1,0.995,0.99448,0.18531,0.25619,0.12436,0.77802,0.0003038,0.0003038,0.0003038
259,4320.13,0.26191,0.33183,0.16528,0.89538,0.99968,1,0.995,0.99211,0.99968,1,0.995,0.99453,0.18209,0.25991,0.12129,0.77565,0.0002972,0.0002972,0.0002972
260,4333.52,0.25475,0.31618,0.16485,0.89071,0.99968,1,0.995,0.99119,0.99968,1,0.995,0.99397,0.18324,0.25954,0.12761,0.77777,0.0002906,0.0002906,0.0002906
261,4347.89,0.25588,0.321,0.16426,0.88999,0.99967,1,0.995,0.99189,0.99967,1,0.995,0.99377,0.18492,0.25746,0.13245,0.7791,0.000284,0.000284,0.000284
262,4361.39,0.25802,0.30379,0.16585,0.8895,0.99967,1,0.995,0.99186,0.99967,1,0.995,0.99383,0.18793,0.25855,0.13089,0.77924,0.0002774,0.0002774,0.0002774
263,4374.46,0.24056,0.29266,0.15705,0.88389,0.99968,1,0.995,0.9912,0.99968,1,0.995,0.9927,0.18338,0.26139,0.13098,0.77711,0.0002708,0.0002708,0.0002708
264,4390.34,0.25332,0.31337,0.16135,0.89203,0.99968,1,0.995,0.99238,0.99968,1,0.995,0.99369,0.1826,0.25687,0.12611,0.77594,0.0002642,0.0002642,0.0002642
265,4405.55,0.24918,0.31071,0.1619,0.88053,0.99968,1,0.995,0.99164,0.99968,1,0.995,0.99242,0.18012,0.26079,0.12298,0.77469,0.0002576,0.0002576,0.0002576
266,4421.47,0.24214,0.33051,0.1553,0.88451,0.99968,1,0.995,0.9904,0.99968,1,0.995,0.99356,0.18025,0.26146,0.12853,0.77665,0.000251,0.000251,0.000251
267,4436.61,0.23562,0.28866,0.15241,0.89066,0.99968,1,0.995,0.99198,0.99968,1,0.995,0.99428,0.17344,0.25974,0.12882,0.77073,0.0002444,0.0002444,0.0002444
268,4452.3,0.24632,0.29494,0.15666,0.87749,0.99967,1,0.995,0.99331,0.99967,1,0.995,0.99268,0.17648,0.2602,0.1286,0.77385,0.0002378,0.0002378,0.0002378
269,4466.62,0.23155,0.27877,0.14457,0.87701,0.99968,1,0.995,0.99128,0.99968,1,0.995,0.99334,0.1745,0.25912,0.12582,0.77126,0.0002312,0.0002312,0.0002312
270,4482.47,0.25201,0.32797,0.15676,0.88861,0.9992,1,0.995,0.9932,0.9992,1,0.995,0.99312,0.17518,0.25919,0.13043,0.77423,0.0002246,0.0002246,0.0002246
271,4496.6,0.23486,0.29158,0.15018,0.88127,0.99934,1,0.995,0.99277,0.99934,1,0.995,0.99337,0.17791,0.25838,0.13213,0.77545,0.000218,0.000218,0.000218
272,4511.29,0.23822,0.30588,0.15412,0.87878,0.9992,1,0.995,0.99243,0.9992,1,0.995,0.99426,0.17636,0.25796,0.12808,0.77395,0.0002114,0.0002114,0.0002114
273,4526.27,0.24493,0.30573,0.15473,0.89634,0.99879,1,0.995,0.99281,0.99879,1,0.995,0.99438,0.1765,0.25416,0.13116,0.77374,0.0002048,0.0002048,0.0002048
274,4539.6,0.24691,0.32036,0.15766,0.89108,0.99916,1,0.995,0.99368,0.99916,1,0.995,0.99426,0.17859,0.25456,0.1383,0.77669,0.0001982,0.0001982,0.0001982
275,4554.34,0.24729,0.30445,0.15063,0.89076,0.99968,1,0.995,0.99376,0.99968,1,0.995,0.99451,0.18556,0.2596,0.13778,0.78102,0.0001916,0.0001916,0.0001916
276,4568.46,0.23568,0.29,0.14794,0.88182,0.99969,1,0.995,0.99177,0.99969,1,0.995,0.9936,0.18145,0.26496,0.13583,0.77799,0.000185,0.000185,0.000185
277,4582.96,0.23784,0.29652,0.15212,0.88774,0.99969,1,0.995,0.99296,0.99969,1,0.995,0.99364,0.18048,0.26007,0.13129,0.77847,0.0001784,0.0001784,0.0001784
278,4596.72,0.25616,0.35199,0.16095,0.89115,0.99969,1,0.995,0.99375,0.99969,1,0.995,0.99362,0.17856,0.25835,0.13318,0.77766,0.0001718,0.0001718,0.0001718
279,4610.24,0.22617,0.28595,0.14958,0.88332,0.99968,1,0.995,0.99379,0.99968,1,0.995,0.99453,0.17989,0.25546,0.13481,0.77791,0.0001652,0.0001652,0.0001652
280,4624.9,0.24689,0.31484,0.15417,0.88738,0.99968,1,0.995,0.99301,0.99968,1,0.995,0.99483,0.18346,0.25801,0.13675,0.78069,0.0001586,0.0001586,0.0001586
281,4638.14,0.23316,0.32743,0.14766,0.88403,0.99968,1,0.995,0.99367,0.99968,1,0.995,0.99392,0.17789,0.25586,0.14135,0.77682,0.000152,0.000152,0.000152
282,4652.35,0.24503,0.30199,0.15789,0.88419,0.99969,1,0.995,0.99356,0.99969,1,0.995,0.99427,0.17705,0.25787,0.14218,0.7747,0.0001454,0.0001454,0.0001454
283,4667.66,0.23301,0.30143,0.15001,0.88243,0.99968,1,0.995,0.9943,0.99968,1,0.995,0.99454,0.17297,0.25459,0.14057,0.7712,0.0001388,0.0001388,0.0001388
284,4683.98,0.25009,0.31572,0.15303,0.89211,0.99968,1,0.995,0.99433,0.99968,1,0.995,0.99427,0.17322,0.25436,0.13573,0.77281,0.0001322,0.0001322,0.0001322
285,4700.39,0.25592,0.33065,0.15618,0.89198,0.99969,1,0.995,0.99385,0.99969,1,0.995,0.99454,0.17601,0.2545,0.13284,0.7729,0.0001256,0.0001256,0.0001256
286,4718.93,0.23693,0.29326,0.15099,0.88832,0.99968,1,0.995,0.9942,0.99968,1,0.995,0.99421,0.17359,0.25388,0.13276,0.77167,0.000119,0.000119,0.000119
287,4736.78,0.233,0.29628,0.1444,0.88365,0.99968,1,0.995,0.99425,0.99968,1,0.995,0.99351,0.17621,0.2549,0.13529,0.77232,0.0001124,0.0001124,0.0001124
288,4751.45,0.2316,0.29979,0.15065,0.88843,0.99968,1,0.995,0.993,0.99968,1,0.995,0.99348,0.17914,0.25669,0.13246,0.77414,0.0001058,0.0001058,0.0001058
289,4764.78,0.2326,0.2959,0.14607,0.89494,0.99969,1,0.995,0.99363,0.99969,1,0.995,0.99367,0.17539,0.25469,0.12569,0.77183,9.92e-05,9.92e-05,9.92e-05
290,4778,0.24548,0.31765,0.15134,0.88957,0.99969,1,0.995,0.99292,0.99969,1,0.995,0.99365,0.17218,0.25418,0.12401,0.77067,9.26e-05,9.26e-05,9.26e-05
291,4796.51,0.14918,0.21015,0.11202,0.84964,0.99967,1,0.995,0.99453,0.99967,1,0.995,0.99396,0.17307,0.25661,0.12475,0.77212,8.6e-05,8.6e-05,8.6e-05
292,4815.62,0.15113,0.21139,0.10743,0.82848,0.99966,1,0.995,0.9945,0.99966,1,0.995,0.9943,0.17226,0.25489,0.11795,0.77118,7.94e-05,7.94e-05,7.94e-05
293,4830.15,0.15293,0.21617,0.10732,0.83427,0.99965,1,0.995,0.99446,0.99965,1,0.995,0.99378,0.16976,0.25436,0.11781,0.76909,7.28e-05,7.28e-05,7.28e-05
294,4846.29,0.14511,0.20689,0.103,0.84215,0.99968,1,0.995,0.99451,0.99968,1,0.995,0.99382,0.17251,0.25431,0.11493,0.7705,6.62e-05,6.62e-05,6.62e-05
295,4863.15,0.14882,0.20964,0.10383,0.84045,0.99968,1,0.995,0.99461,0.99968,1,0.995,0.99396,0.17291,0.25555,0.11134,0.77064,5.96e-05,5.96e-05,5.96e-05
296,4882.32,0.14801,0.20738,0.10653,0.83112,0.99968,1,0.995,0.99456,0.99968,1,0.995,0.99391,0.17195,0.25587,0.11314,0.7698,5.3e-05,5.3e-05,5.3e-05
297,4895.85,0.14868,0.20799,0.10748,0.84553,0.99967,1,0.995,0.99457,0.99967,1,0.995,0.99428,0.16867,0.25694,0.11182,0.7679,4.64e-05,4.64e-05,4.64e-05
298,4915.46,0.14502,0.20936,0.10216,0.84407,0.99968,1,0.995,0.99454,0.99968,1,0.995,0.99324,0.16751,0.2569,0.11049,0.76702,3.98e-05,3.98e-05,3.98e-05
299,4933.37,0.14524,0.21405,0.10154,0.83935,0.99968,1,0.995,0.99461,0.99968,1,0.995,0.99437,0.16763,0.25562,0.11033,0.76718,3.32e-05,3.32e-05,3.32e-05
300,4950.48,0.14569,0.20515,0.10288,0.84829,0.99968,1,0.995,0.9947,0.99968,1,0.995,0.99445,0.16642,0.25515,0.11153,0.76776,2.66e-05,2.66e-05,2.66e-05
